Dimensão Gestão Educacional;Organização da Educação Profissional no Sistema de Ensino;Existência e funcionamento de estrutura para gestão da educação profissional no sistema;Quando a SEE  possui equipe própria (divisão, superintendência, gerência) para gestão da educação profissional em sintonia com a gestão do Ensino Médio.  
Dimensão Gestão Educacional;Organização da Educação Profissional no Sistema de Ensino;Existência e funcionamento de estrutura para gestão da educação profissional no sistema;Quando a SEE possui equipe conjunta com outra (divisão, superintendência, gerência) para gestão da educação profissional.  
Dimensão Gestão Educacional;Organização da Educação Profissional no Sistema de Ensino;Existência e funcionamento de estrutura para gestão da educação profissional no sistema;Quando possui equipe própria (divisão, superintendência, gerência) para gestão da educação profissional desvinculada da SE, sem sintonia com a gestão do Ensino Médio.  
Dimensão Gestão Educacional;Organização da Educação Profissional no Sistema de Ensino;Existência e funcionamento de estrutura para gestão da educação profissional no sistema;Quando não existe estrutura administrativa para a gestão da educação profissional 
Dimensão Gestão Educacional;Organização da Educação Profissional no Sistema de Ensino;Estrutura de regulação/supervisão pelo Conselho Estadual de Educação.;Quando existe  câmara específica para a educação profissional  com produção de normas e supervisão conjunta com a SEE de toda a EPT do Estado
Dimensão Gestão Educacional;Organização da Educação Profissional no Sistema de Ensino;Estrutura de regulação/supervisão pelo Conselho Estadual de Educação.;Quando existe câmara conjunta com outros níveis e modalidades educacionais, emitindo norma sobre a EPT do Estado.
Dimensão Gestão Educacional;Organização da Educação Profissional no Sistema de Ensino;Estrutura de regulação/supervisão pelo Conselho Estadual de Educação.;Quando existe câmara conjunta e trata do assunto esporadicamente, sem ação de supervisão.
Dimensão Gestão Educacional;Organização da Educação Profissional no Sistema de Ensino;Estrutura de regulação/supervisão pelo Conselho Estadual de Educação.;Quando não existe no CEE  lugar específico para os assuntos de educação profissional.
Dimensão Gestão Educacional;Gestão Democrática: Articulação e Desenvolvimento do Sistema de Ensino;Existência e funcionamento de Conselhos Escolares com representações de trabalhadores, empregadores e organizações sociais nas Escolas de EPT.;Quando existe, em todas as escolas de EPT da rede, CE implantados com participação atuante de todos os segmentos. A SEE sugere e orienta a implantação dos CE
Dimensão Gestão Educacional;Gestão Democrática: Articulação e Desenvolvimento do Sistema de Ensino;Existência e funcionamento de Conselhos Escolares com representações de trabalhadores, empregadores e organizações sociais nas Escolas de EPT.;Quando existem CE atuantes em pelo menos 50% das escolas de EPT da rede; a SEE sugere e orienta a implantação dos CE. As escolas  em parte, se mobilizam para implantar CE.
Dimensão Gestão Educacional;Gestão Democrática: Articulação e Desenvolvimento do Sistema de Ensino;Existência e funcionamento de Conselhos Escolares com representações de trabalhadores, empregadores e organizações sociais nas Escolas de EPT.;Quando existem CE em menos de 50% das escolas de EPT, pouco atuantes (apenas no papel). A SEE sugere a implantação, mas não orienta.  As escolas  em parte se mobilizam para implantar CE, mas não recebem orientação. 
Dimensão Gestão Educacional;Gestão Democrática: Articulação e Desenvolvimento do Sistema de Ensino;Existência e funcionamento de Conselhos Escolares com representações de trabalhadores, empregadores e organizações sociais nas Escolas de EPT.;Quando não existem CE implantados; a SEE não sugere, tampouco orienta a implantação. As escolas  não se mobilizam para formação de CE.
Dimensão Gestão Educacional;Gestão Democrática: Articulação e Desenvolvimento do Sistema de Ensino;Construção e implementação coletiva do PPP nas escolas de EPT sob orientação da SE e de acordo com as especificidades de cada escola.;Quando todas ou a maioria das escolas possuem um PPP elaborado com a participação dos professores e do CE ou órgão equivalente, na própria escola. A SEE apóia e orienta a elaboração e respeita as especificidade de cada escola.
Dimensão Gestão Educacional;Gestão Democrática: Articulação e Desenvolvimento do Sistema de Ensino;Construção e implementação coletiva do PPP nas escolas de EPT sob orientação da SE e de acordo com as especificidades de cada escola.;Quando mais de 70% das escolas possuem um PPP elaborado com a participação dos professores, mas sem a colaboração do CE. A SEE apóia e orienta a elaboração e respeita especificidade de cada escola.
Dimensão Gestão Educacional;Gestão Democrática: Articulação e Desenvolvimento do Sistema de Ensino;Construção e implementação coletiva do PPP nas escolas de EPT sob orientação da SE e de acordo com as especificidades de cada escola.;Quando todas as escolas possuem um PPP que é padrão para toda a rede elaborado diretamente pela SEE.
Dimensão Gestão Educacional;Gestão Democrática: Articulação e Desenvolvimento do Sistema de Ensino;Construção e implementação coletiva do PPP nas escolas de EPT sob orientação da SE e de acordo com as especificidades de cada escola.;Quando as escolas não possuem PPP, tampouco a SEE apóia e estimula sua elaboração.
Dimensão Gestão Educacional;Gestão Democrática: Articulação e Desenvolvimento do Sistema de Ensino;Vínculo e Plano de carreira para os professores das Escolas de EPT.;Quando a contratação é realizada por concurso público para composição do quadro permanente, com avaliação de desempenho e critérios de evolução funcional através de trajetória de formação e tempo de serviço, expressando com clareza uma concepção de valorização do magistério para a qualidade da educação escolar. O Plano é único e prevê composição da jornada de trabalho com horas-aula e horas-atividade.
Dimensão Gestão Educacional;Gestão Democrática: Articulação e Desenvolvimento do Sistema de Ensino;Vínculo e Plano de carreira para os professores das Escolas de EPT.;Quando a contratação é realizada por concurso público para composição do quadro permanente.O Plano de Carreira unificado está em fase de implementação, prevê avaliação de desempenho e critérios de evolução funcional e tempo de serviço, há composição da jornada de trabalho com horas-aula e horas-atividade.
Dimensão Gestão Educacional;Gestão Democrática: Articulação e Desenvolvimento do Sistema de Ensino;Vínculo e Plano de carreira para os professores das Escolas de EPT.;Quando o vínculo é precário ou temporário e/ou existe Plano diferenciado entre os professores. Não há regras claras para ingresso na carreira, não há avaliação de desempenho e critérios de evolução funcional e tempo de serviço; assim como não prevê composição da jornada de trabalho com horas-aula e horas-atividade.
Dimensão Gestão Educacional;Gestão Democrática: Articulação e Desenvolvimento do Sistema de Ensino;Vínculo e Plano de carreira para os professores das Escolas de EPT.;Quando o vínculo é precário ou temporário e/ou não existe Plano de Carreira.
Dimensão Gestão Educacional;Desenvolvimento do Ensino Médio com reforço da base científica, tecnológica e sua ligação com o mundo do trabalho.;Ensino Médio Integrado a EPT - expansão de matrículas em escolas do Ensino Médio.;Quando mais de 70% das escolas do ensino médio oferecem ensino médio integrado e existe um planejamento anual para ampliação gradual no número de vagas.
Dimensão Gestão Educacional;Desenvolvimento do Ensino Médio com reforço da base científica, tecnológica e sua ligação com o mundo do trabalho.;Ensino Médio Integrado a EPT - expansão de matrículas em escolas do Ensino Médio.;Quando até 70% das escolas do ensino médio oferecem ensino médio integrado.Existe um planejamento parcial  para amplição no número de vagas.
Dimensão Gestão Educacional;Desenvolvimento do Ensino Médio com reforço da base científica, tecnológica e sua ligação com o mundo do trabalho.;Ensino Médio Integrado a EPT - expansão de matrículas em escolas do Ensino Médio.;Quando até 30% das escolas do ensino médio oferecem ensino médio integrado.E não existe um planejamento para ampliação no número de vagas.
Dimensão Gestão Educacional;Desenvolvimento do Ensino Médio com reforço da base científica, tecnológica e sua ligação com o mundo do trabalho.;Ensino Médio Integrado a EPT - expansão de matrículas em escolas do Ensino Médio.;Quando menos de 30% das escolas de ensino médio oferecem ensino médio integrado e não há planejamento para ampliação no número de vagas. Ou quando não existem escolas com oferta de ensino médio integrado na rede. 
Dimensão Gestão Educacional;Desenvolvimento do Ensino Médio com reforço da base científica, tecnológica e sua ligação com o mundo do trabalho.;Oferta de vagas de Ensino Médio Integrado (EMI) em escolas financiadas pelo PROEP.; Quando mais de 70% das escolas financiadas pelo PROEP oferecem vagas no EMI
Dimensão Gestão Educacional;Desenvolvimento do Ensino Médio com reforço da base científica, tecnológica e sua ligação com o mundo do trabalho.;Oferta de vagas de Ensino Médio Integrado (EMI) em escolas financiadas pelo PROEP.;Quando até 70% das escolas financiadas pelo PROEP oferecem vagas no EMI. 
Dimensão Gestão Educacional;Desenvolvimento do Ensino Médio com reforço da base científica, tecnológica e sua ligação com o mundo do trabalho.;Oferta de vagas de Ensino Médio Integrado (EMI) em escolas financiadas pelo PROEP.;Quando até  30% das escolas financiadas pelo PROEP oferecem vagas no EMI. 
Dimensão Gestão Educacional;Desenvolvimento do Ensino Médio com reforço da base científica, tecnológica e sua ligação com o mundo do trabalho.;Oferta de vagas de Ensino Médio Integrado (EMI) em escolas financiadas pelo PROEP.;Quando menos de  30%  ou nenhuma das escolas financiadas pelo PROEP oferecem vagas no EMI 
Dimensão Gestão Educacional;Desenvolvimento do Ensino Médio com reforço da base científica, tecnológica e sua ligação com o mundo do trabalho.;Oferta de vagas de Ensino Médio Integrado (EMI) em escolas indígenas.;Quando mais de  70% das escolas indígenas ou aldeias oferecem  vagas para o EMI.
Dimensão Gestão Educacional;Desenvolvimento do Ensino Médio com reforço da base científica, tecnológica e sua ligação com o mundo do trabalho.;Oferta de vagas de Ensino Médio Integrado (EMI) em escolas indígenas.;Quando até 70% das escolas indígenas ou aldeias oferecem vagas para o EMI.
Dimensão Gestão Educacional;Desenvolvimento do Ensino Médio com reforço da base científica, tecnológica e sua ligação com o mundo do trabalho.;Oferta de vagas de Ensino Médio Integrado (EMI) em escolas indígenas.;Quando até 30% das escolas indígenas ou aldeias oferecem vagas para o EMI.
Dimensão Gestão Educacional;Desenvolvimento do Ensino Médio com reforço da base científica, tecnológica e sua ligação com o mundo do trabalho.;Oferta de vagas de Ensino Médio Integrado (EMI) em escolas indígenas.;Quando nenhuma escola indígena oferece vagas para o EMI. 
Dimensão Gestão Educacional;Desenvolvimento do Ensino Médio com reforço da base científica, tecnológica e sua ligação com o mundo do trabalho.;Oferta de vagas de Ensino Médio Integrado (EMI) para comunidades quilombolas, ribeirinhos ou outras comunidades tradicionais.;Quando mais de  70% das escolas localizadas nestas áreas oferecem vagas para o EMI. 
Dimensão Gestão Educacional;Desenvolvimento do Ensino Médio com reforço da base científica, tecnológica e sua ligação com o mundo do trabalho.;Oferta de vagas de Ensino Médio Integrado (EMI) para comunidades quilombolas, ribeirinhos ou outras comunidades tradicionais.;Quando até 70% das escolas localizadas nestas áreas oferecem vagas para o EMI. 
Dimensão Gestão Educacional;Desenvolvimento do Ensino Médio com reforço da base científica, tecnológica e sua ligação com o mundo do trabalho.;Oferta de vagas de Ensino Médio Integrado (EMI) para comunidades quilombolas, ribeirinhos ou outras comunidades tradicionais.;Quando até 30% das escolas localizadas nestas áreas oferecem vagas para o EMI. 
Dimensão Gestão Educacional;Desenvolvimento do Ensino Médio com reforço da base científica, tecnológica e sua ligação com o mundo do trabalho.;Oferta de vagas de Ensino Médio Integrado (EMI) para comunidades quilombolas, ribeirinhos ou outras comunidades tradicionais.;Quando nenhuma  escola localizada nestas áreas oferece vagas para o EMI. 
Dimensão Gestão Educacional;Desenvolvimento do Ensino Médio com reforço da base científica, tecnológica e sua ligação com o mundo do trabalho.;Oferta de vagas de Ensino Médio Integrado (EMI) em escolas do campo.;Quando mais de  70% das escolas do campo oferecem  vagas para o EMI.
Dimensão Gestão Educacional;Desenvolvimento do Ensino Médio com reforço da base científica, tecnológica e sua ligação com o mundo do trabalho.;Oferta de vagas de Ensino Médio Integrado (EMI) em escolas do campo.;Quando até 70% das escolas do campo oferecem vagas para o EMI. 
Dimensão Gestão Educacional;Desenvolvimento do Ensino Médio com reforço da base científica, tecnológica e sua ligação com o mundo do trabalho.;Oferta de vagas de Ensino Médio Integrado (EMI) em escolas do campo.;Quando até  30% das escolas do campo oferecem  vagas para o EMI.
Dimensão Gestão Educacional;Desenvolvimento do Ensino Médio com reforço da base científica, tecnológica e sua ligação com o mundo do trabalho.;Oferta de vagas de Ensino Médio Integrado (EMI) em escolas do campo.;Quando nenhuma escola do campo oferece vagas para o EMI. 
Dimensão Gestão Educacional;Desenvolvimento do Ensino Médio com reforço da base científica, tecnológica e sua ligação com o mundo do trabalho.;Oferta de vagas de Ensino Médio Integrado (EMI) para adolescentes em conflito com a lei internados para cumprimento de medida sócio-educativa.;Quando mais de 70% das instituições que recebem adolescentes em conflito com a lei oferecem EMI. 
Dimensão Gestão Educacional;Desenvolvimento do Ensino Médio com reforço da base científica, tecnológica e sua ligação com o mundo do trabalho.;Oferta de vagas de Ensino Médio Integrado (EMI) para adolescentes em conflito com a lei internados para cumprimento de medida sócio-educativa.;Quando até 70% das instituições que recebem adolescentes em conflito com a lei oferecem EMI. 
Dimensão Gestão Educacional;Desenvolvimento do Ensino Médio com reforço da base científica, tecnológica e sua ligação com o mundo do trabalho.;Oferta de vagas de Ensino Médio Integrado (EMI) para adolescentes em conflito com a lei internados para cumprimento de medida sócio-educativa.;Quando até 30% das instituições que recebem adolescentes em conflito com a lei oferecem EMI. 
Dimensão Gestão Educacional;Desenvolvimento do Ensino Médio com reforço da base científica, tecnológica e sua ligação com o mundo do trabalho.;Oferta de vagas de Ensino Médio Integrado (EMI) para adolescentes em conflito com a lei internados para cumprimento de medida sócio-educativa.;Quando nenhuma  instituição que recebe adolescentes em conflito com a lei oferece EMI. 
Dimensão Gestão Educacional;Desenvolvimento do Ensino Médio com reforço da base científica, tecnológica e sua ligação com o mundo do trabalho.;Oferta de vagas na modalidade profissional EJA (PROEJA), nas escolas de EPT.;Quando mais de  70% das escolas de EPT oferecem vagas na modalidade EJA (PROEJA).
Dimensão Gestão Educacional;Desenvolvimento do Ensino Médio com reforço da base científica, tecnológica e sua ligação com o mundo do trabalho.;Oferta de vagas na modalidade profissional EJA (PROEJA), nas escolas de EPT.;Quando até  70% das escolas de EPT oferecem vagas na modalidade EJA (PROEJA).
Dimensão Gestão Educacional;Desenvolvimento do Ensino Médio com reforço da base científica, tecnológica e sua ligação com o mundo do trabalho.;Oferta de vagas na modalidade profissional EJA (PROEJA), nas escolas de EPT.;Quando até 30% das escolas de EPT oferecem vagas na modalidade EJA (PROEJA).
Dimensão Gestão Educacional;Desenvolvimento do Ensino Médio com reforço da base científica, tecnológica e sua ligação com o mundo do trabalho.;Oferta de vagas na modalidade profissional EJA (PROEJA), nas escolas de EPT.;Quando nenhuma escola de EPT oferece vagas na modalidade EJA (PROEJA).
Dimensão Gestão Educacional;Desenvolvimento do Ensino Médio com reforço da base científica, tecnológica e sua ligação com o mundo do trabalho.;Oferta de vagas com apoio da Educação a Distância (EaD) de acordo com o Programa e-Tec Brasil, nas escolas de EPT.;Quando mais de 70% das escolas de EPT oferecem vagas com apoio da EaD de acordo com o Programa e-Tec Brasil.
Dimensão Gestão Educacional;Desenvolvimento do Ensino Médio com reforço da base científica, tecnológica e sua ligação com o mundo do trabalho.;Oferta de vagas com apoio da Educação a Distância (EaD) de acordo com o Programa e-Tec Brasil, nas escolas de EPT.;Quando até  70% das escolas de EPT oferecem vagas com apoio da EaD de acordo com o Programa e-Tec Brasil.
Dimensão Gestão Educacional;Desenvolvimento do Ensino Médio com reforço da base científica, tecnológica e sua ligação com o mundo do trabalho.;Oferta de vagas com apoio da Educação a Distância (EaD) de acordo com o Programa e-Tec Brasil, nas escolas de EPT.;Quando até  30% das escolas de EPT oferecem vagas com apoio da EaD de acordo com o Programa e-Tec Brasil.
Dimensão Gestão Educacional;Desenvolvimento do Ensino Médio com reforço da base científica, tecnológica e sua ligação com o mundo do trabalho.;Oferta de vagas com apoio da Educação a Distância (EaD) de acordo com o Programa e-Tec Brasil, nas escolas de EPT.;Quando nenhuma escola de EPT oferece vagas com apoio da EaD de acordo com o Programa e-Tec Brasil.
Dimensão Gestão Educacional;Interação com a sociedade;Existência de parcerias com o setor produtivo para realização de atividades complementares nas Escolas de EPT.;Quando existem, em mais de 70% das escolas de EPT, parcerias com o setor produtivo para a realização de atividades complementares como estágios e visitas técnicas.Estas parcerias são formalizadas com convênio ou termo de parceria.
Dimensão Gestão Educacional;Interação com a sociedade;Existência de parcerias com o setor produtivo para realização de atividades complementares nas Escolas de EPT.;Quando existem, entre 30% e  70% das escolas de EPT, parcerias com o setor produtivo para a realização de atividades complementares como estágios e visitas técnicas.Estas parcerias são formalizadas com convênio ou termo de parceria.
Dimensão Gestão Educacional;Interação com a sociedade;Existência de parcerias com o setor produtivo para realização de atividades complementares nas Escolas de EPT.;Quando em até 30% das escolas de EPT existem parcerias com o setor produtivo para a realização de atividades complementares como estágios e visitas técnicas. Estas parcerias não são formalizadas.
Dimensão Gestão Educacional;Interação com a sociedade;Existência de parcerias com o setor produtivo para realização de atividades complementares nas Escolas de EPT.;Quando não existem parcerias com o setor produtivo.
Dimensão Gestão Educacional;Interação com a sociedade;Existência de convênios e/ou parcerias com a Rede Federal de Educação Profissional e Tecnológica para colaboração recíproca.;Quando existe convênio e/ou parceria entre a SEE, abrangendo todas as escolas de EPT e instituições da Rede Federal de EPT.
Dimensão Gestão Educacional;Interação com a sociedade;Existência de convênios e/ou parcerias com a Rede Federal de Educação Profissional e Tecnológica para colaboração recíproca.;Quando existe convênio e/ou parceria entre algumas escolas (até 70%) e instituições da Rede Federal de EPT, com apoio da SEE e em fase de expansão.
Dimensão Gestão Educacional;Interação com a sociedade;Existência de convênios e/ou parcerias com a Rede Federal de Educação Profissional e Tecnológica para colaboração recíproca.;Quando existe convênio ou parceria com algumas escolas(até 30%) de EM mas sem o apoio da SEE
Dimensão Gestão Educacional;Interação com a sociedade;Existência de convênios e/ou parcerias com a Rede Federal de Educação Profissional e Tecnológica para colaboração recíproca.;Quando não existe convênio e/ou parceria.
Dimensão Gestão Educacional;Interação com a sociedade;Existência de parcerias com organizações da sociedade civil (movimentos sociais, outras organizações).;Quando existem convênios e /ou parcerias com organizações da sociedade civil em todas as escolas de EPT. A SEE conhece e apoia estes convênios e/ou parcerias. 
Dimensão Gestão Educacional;Interação com a sociedade;Existência de parcerias com organizações da sociedade civil (movimentos sociais, outras organizações).;Quando existem convênios e/ou parcerias com organizações da sociedade civil em até 50% das escolas de EPT. A SEE conhece e apoia estes convênios e/ou parcerias e busca formas de ampliar a parceria. 
Dimensão Gestão Educacional;Interação com a sociedade;Existência de parcerias com organizações da sociedade civil (movimentos sociais, outras organizações).;Quando existem convênios e/ou parcerias com organizações da sociedade civil em menos de  30% das escolas de EPT. A SEE conhece mas não  apoia estes convênios e/ou parcerias e não busca formas de ampliar a parceria. 
Dimensão Gestão Educacional;Interação com a sociedade;Existência de parcerias com organizações da sociedade civil (movimentos sociais, outras organizações).;Quando não existem  convênios ou parcerias.
Dimensão Gestão Educacional;Monitoramento;Existência de plano de monitoramento de programas de expansão da EPT.;Quando existe monitoramento amplo, desde apoio à licitação e à implantação da estrutura física, com setor especializado, até avaliação dos resultados educacionais e inserção dos egressos no mundo do trabalho.
Dimensão Gestão Educacional;Monitoramento;Existência de plano de monitoramento de programas de expansão da EPT.;Quando existe  monitoramento, com setor especializado, e avaliação parcial do processo
Dimensão Gestão Educacional;Monitoramento;Existência de plano de monitoramento de programas de expansão da EPT.;Quando existe monitoramento apenas na fase de implantação.
Dimensão Gestão Educacional;Monitoramento;Existência de plano de monitoramento de programas de expansão da EPT.;Quando não existe monitoramento.
Dimensão Gestão Educacional;Monitoramento;Existência de controle anual/semestral do número de remoções, substituições, transferências entre órgãos, aposentadorias e exonerações  de docentes de química, física, matemática e biologia, nas escolas de EPT.;Quando existe monitoramento constante em todas as escolas de EPT resultando na correção de fluxo de pessoal
Dimensão Gestão Educacional;Monitoramento;Existência de controle anual/semestral do número de remoções, substituições, transferências entre órgãos, aposentadorias e exonerações  de docentes de química, física, matemática e biologia, nas escolas de EPT.;Quando existe monitoramento em parte  das escolas (até 70%) de EPT resultando na correção de fluxo de pessoal
Dimensão Gestão Educacional;Monitoramento;Existência de controle anual/semestral do número de remoções, substituições, transferências entre órgãos, aposentadorias e exonerações  de docentes de química, física, matemática e biologia, nas escolas de EPT.;Quando existe monitoramento parcial, em parte das escolas (até 30%) sem resultar na correção de fluxo de pessoal
Dimensão Gestão Educacional;Monitoramento;Existência de controle anual/semestral do número de remoções, substituições, transferências entre órgãos, aposentadorias e exonerações  de docentes de química, física, matemática e biologia, nas escolas de EPT.;Quando não existe nenhuma forma de monitoramento para correção de fluxo de pessoal.
Dimensão Gestão Educacional;Monitoramento;Existência de controle anual/semestral do número de contratações e término de contrato de docentes de educação profissional técnica de nível médio nas escolas de EPT.;Quando existe monitoramento em todas as escolas resultando em planejamento de adequação do quadro de pessoal
Dimensão Gestão Educacional;Monitoramento;Existência de controle anual/semestral do número de contratações e término de contrato de docentes de educação profissional técnica de nível médio nas escolas de EPT.;Quando existe monitoramento em parte das escolas( até 70%) resultando em planejamento de  adequação do quadro de pessoal
Dimensão Gestão Educacional;Monitoramento;Existência de controle anual/semestral do número de contratações e término de contrato de docentes de educação profissional técnica de nível médio nas escolas de EPT.;Quando existe monitoramento parcial  em até 30% das escolas sem resultar em planejamento de adequação do quadro de pessoal
Dimensão Gestão Educacional;Monitoramento;Existência de controle anual/semestral do número de contratações e término de contrato de docentes de educação profissional técnica de nível médio nas escolas de EPT.;Quando não existe monitoramento.
Dimensão Gestão Educacional;Monitoramento;Participação das Escolas de EPT no Censo Escolar (INEP), ENEM e outros eventos do MEC com vistas a avaliar o rendimento e a qualidade educacionais. ;Quando todas as escolas participam do Censo Escolar, orientam e estimulam os alunos a se inscreverem no ENEM e em outras ações de avaliação do MEC, com apoio e supervisão da SEE.         
Dimensão Gestão Educacional;Monitoramento;Participação das Escolas de EPT no Censo Escolar (INEP), ENEM e outros eventos do MEC com vistas a avaliar o rendimento e a qualidade educacionais. ;Quando as escolas participam do Censo Escolar e disponibilizam formulários do ENEM para os alunos, porém não os orientam quanto ao preenchimento. As escolas contam com o apoio e supervisão da SEE.
Dimensão Gestão Educacional;Monitoramento;Participação das Escolas de EPT no Censo Escolar (INEP), ENEM e outros eventos do MEC com vistas a avaliar o rendimento e a qualidade educacionais. ;Quando eventualmente as escolas participam dos eventos de avaliação de rendimento e qualidade do MEC. 
Dimensão Gestão Educacional;Monitoramento;Participação das Escolas de EPT no Censo Escolar (INEP), ENEM e outros eventos do MEC com vistas a avaliar o rendimento e a qualidade educacionais. ;Quando as escolas não participam das avaliações e eventos do MEC      
Dimensão Formação de Professores e de Profissionais de serviço e apoio escolar ;Formação Inicial de Professores, Equipes Pedagógicas, Técnicos Administrativos e profissionais de apoio para a oferta de EPT.;Formação inicial dos professores de Biologia ;Quando todos os professores de Biologia que atuam no EMI e EPT possuem licenciatura  na área. 
Dimensão Formação de Professores e de Profissionais de serviço e apoio escolar ;Formação Inicial de Professores, Equipes Pedagógicas, Técnicos Administrativos e profissionais de apoio para a oferta de EPT.;Formação inicial dos professores de Biologia ;Quando até 70% dos professores de Biologia que atuam no EMI e EPT  possuem licenciatura na área.
Dimensão Formação de Professores e de Profissionais de serviço e apoio escolar ;Formação Inicial de Professores, Equipes Pedagógicas, Técnicos Administrativos e profissionais de apoio para a oferta de EPT.;Formação inicial dos professores de Biologia ;Quando até 30% dos professores de Biologia que atuam no EMI e EPT  possuem licenciatura na área.
Dimensão Formação de Professores e de Profissionais de serviço e apoio escolar ;Formação Inicial de Professores, Equipes Pedagógicas, Técnicos Administrativos e profissionais de apoio para a oferta de EPT.;Formação inicial dos professores de Biologia ;Quando menos de 30% dos professores  de Biologia que atuam no EMI e EPT  possuem licenciatura na área.
Dimensão Formação de Professores e de Profissionais de serviço e apoio escolar ;Formação Inicial de Professores, Equipes Pedagógicas, Técnicos Administrativos e profissionais de apoio para a oferta de EPT.;Formação inicial dos Professores de Química.;Quando todos os professores de Química que atuam no EMI e EPT  possuem licenciatura na área. 
Dimensão Formação de Professores e de Profissionais de serviço e apoio escolar ;Formação Inicial de Professores, Equipes Pedagógicas, Técnicos Administrativos e profissionais de apoio para a oferta de EPT.;Formação inicial dos Professores de Química.;Quando até 70% dos professores de Química que atuam no EMI e EPT   possuem licenciatura na área.
Dimensão Formação de Professores e de Profissionais de serviço e apoio escolar ;Formação Inicial de Professores, Equipes Pedagógicas, Técnicos Administrativos e profissionais de apoio para a oferta de EPT.;Formação inicial dos Professores de Química.;Quando até 30% dos professores de Química que atuam no EMI e EPT  possuem licenciatura na área.
Dimensão Formação de Professores e de Profissionais de serviço e apoio escolar ;Formação Inicial de Professores, Equipes Pedagógicas, Técnicos Administrativos e profissionais de apoio para a oferta de EPT.;Formação inicial dos Professores de Química.;Quando menos de 30% dos professores  de Química que atuam no EMI e EPT  possuem licenciatura na área.
Dimensão Formação de Professores e de Profissionais de serviço e apoio escolar ;Formação Inicial de Professores, Equipes Pedagógicas, Técnicos Administrativos e profissionais de apoio para a oferta de EPT.;Formação inicial dos professores de Física.;Quando todos os professores de Física que atuam no EMI e EPT  possuem licenciatura na área. 
Dimensão Formação de Professores e de Profissionais de serviço e apoio escolar ;Formação Inicial de Professores, Equipes Pedagógicas, Técnicos Administrativos e profissionais de apoio para a oferta de EPT.;Formação inicial dos professores de Física.;Quando até 70% dos professores de Física que atuam no EMI e EPT   possuem licenciatura na área.
Dimensão Formação de Professores e de Profissionais de serviço e apoio escolar ;Formação Inicial de Professores, Equipes Pedagógicas, Técnicos Administrativos e profissionais de apoio para a oferta de EPT.;Formação inicial dos professores de Física.;Quando até 30% dos professores de Físicaque atuam no EMI e EPT  possuem licenciatura na área.
Dimensão Formação de Professores e de Profissionais de serviço e apoio escolar ;Formação Inicial de Professores, Equipes Pedagógicas, Técnicos Administrativos e profissionais de apoio para a oferta de EPT.;Formação inicial dos professores de Física.;Quando menos de 30% dos professores  de Física que atuam no EMI e EPT  possuem licenciatura na área.
Dimensão Formação de Professores e de Profissionais de serviço e apoio escolar ;Formação Inicial de Professores, Equipes Pedagógicas, Técnicos Administrativos e profissionais de apoio para a oferta de EPT.;Formação inicial dos professores de Matemática.;Quando todos os professores de Matemática que atuam no EMI e EPT  possuem licenciaturana área. 
Dimensão Formação de Professores e de Profissionais de serviço e apoio escolar ;Formação Inicial de Professores, Equipes Pedagógicas, Técnicos Administrativos e profissionais de apoio para a oferta de EPT.;Formação inicial dos professores de Matemática.;Quando até 70% dos professores de Matemática que atuam no EMI e EPT   possuem licenciatura na área.
Dimensão Formação de Professores e de Profissionais de serviço e apoio escolar ;Formação Inicial de Professores, Equipes Pedagógicas, Técnicos Administrativos e profissionais de apoio para a oferta de EPT.;Formação inicial dos professores de Matemática.;Quando até 30% dos professores de Matemática que atuam no EMI e EPT  possuem licenciatura na área.
Dimensão Formação de Professores e de Profissionais de serviço e apoio escolar ;Formação Inicial de Professores, Equipes Pedagógicas, Técnicos Administrativos e profissionais de apoio para a oferta de EPT.;Formação inicial dos professores de Matemática.;Quando menos de 30% dos professores  de Matemática que atuam no EMI e EPT  possuem licenciatura na área.
Dimensão Formação de Professores e de Profissionais de serviço e apoio escolar ;Formação Inicial de Professores, Equipes Pedagógicas, Técnicos Administrativos e profissionais de apoio para a oferta de EPT.;Formação inicial dos professores para a docência na educação profissional técnica de nível médio.;Quando todos os professores que atuam no EMI e EPT possuem formação na área/disciplina profissional/técnica que lecionam. 
Dimensão Formação de Professores e de Profissionais de serviço e apoio escolar ;Formação Inicial de Professores, Equipes Pedagógicas, Técnicos Administrativos e profissionais de apoio para a oferta de EPT.;Formação inicial dos professores para a docência na educação profissional técnica de nível médio.;Quando até 70% dos professores que atuam no EMI e EPT possuem formação na área/disciplina profissional/técnica que lecionam. 
Dimensão Formação de Professores e de Profissionais de serviço e apoio escolar ;Formação Inicial de Professores, Equipes Pedagógicas, Técnicos Administrativos e profissionais de apoio para a oferta de EPT.;Formação inicial dos professores para a docência na educação profissional técnica de nível médio.;Quando até 30% dos professores que atuam no EMI e EPT possuem formação na área/disciplina profissional/técnica que lecionam. 
Dimensão Formação de Professores e de Profissionais de serviço e apoio escolar ;Formação Inicial de Professores, Equipes Pedagógicas, Técnicos Administrativos e profissionais de apoio para a oferta de EPT.;Formação inicial dos professores para a docência na educação profissional técnica de nível médio.;Quando menos de  30% dos professores que atuam no EMI e EPT possuem formação na área/disciplina profissional/técnica que lecionam. 
Dimensão Formação de Professores e de Profissionais de serviço e apoio escolar ;Formação Inicial de Professores, Equipes Pedagógicas, Técnicos Administrativos e profissionais de apoio para a oferta de EPT.;Existência de programas especiais de formação pedagógica.;Quando existe um programa implementado de formação pedagógica para os professores em atuação no EMI e EPT e que não possuem formação em cursos de licenciatura. O programa atende 100% dos professores nessa condição.
Dimensão Formação de Professores e de Profissionais de serviço e apoio escolar ;Formação Inicial de Professores, Equipes Pedagógicas, Técnicos Administrativos e profissionais de apoio para a oferta de EPT.;Existência de programas especiais de formação pedagógica.;Quando existe um programa implementado, de formação pedagógica para os professores em atuação no EMI e EPT e que não possuem formação em cursos de licenciatura. O programa atende mais de 50% dos professores nessa condição.
Dimensão Formação de Professores e de Profissionais de serviço e apoio escolar ;Formação Inicial de Professores, Equipes Pedagógicas, Técnicos Administrativos e profissionais de apoio para a oferta de EPT.;Existência de programas especiais de formação pedagógica.;Quando existe um programa, em fase de implementação, de formação pedagógica para os professores em atuação no EMI e EPT e que não possuem formação em cursos de licenciatura. O programa tem capacidade para atender menos de 50% dos professores nessa condição.
Dimensão Formação de Professores e de Profissionais de serviço e apoio escolar ;Formação Inicial de Professores, Equipes Pedagógicas, Técnicos Administrativos e profissionais de apoio para a oferta de EPT.;Existência de programas especiais de formação pedagógica.;Quando não existe um programa de formação pedagógica para os professores em atuação no EMI e EPT e que não possuem formação em cursos de licenciatura.
Dimensão Formação de Professores e de Profissionais de serviço e apoio escolar ;Formação Continuada de Professores, Gestores, Equipes Pedagógicas, Técnicos Administrativos e profissionais de apoio para oferta de EPT.;Existência e implementação de políticas para a formação continuada de docentes para atuação em EMI.;Quando existem políticas com boa implementação, voltadas para a formação continuada dos professores que atuam no EMI visando a melhoria da qualidade da educação.
Dimensão Formação de Professores e de Profissionais de serviço e apoio escolar ;Formação Continuada de Professores, Gestores, Equipes Pedagógicas, Técnicos Administrativos e profissionais de apoio para oferta de EPT.;Existência e implementação de políticas para a formação continuada de docentes para atuação em EMI.;Quando existem políticas em fase de implementação, voltadas para a formação continuada dos professores que atuam no EMI visando a melhoria da qualidade da educação.
Dimensão Formação de Professores e de Profissionais de serviço e apoio escolar ;Formação Continuada de Professores, Gestores, Equipes Pedagógicas, Técnicos Administrativos e profissionais de apoio para oferta de EPT.;Existência e implementação de políticas para a formação continuada de docentes para atuação em EMI.;Quando existem políticas sem implementação, ou com implementação acidental, voltadas para a formação continuada dos professores que atuam  no EMI; estas não visam integralmente a melhoria da qualidade da educação. 
Dimensão Formação de Professores e de Profissionais de serviço e apoio escolar ;Formação Continuada de Professores, Gestores, Equipes Pedagógicas, Técnicos Administrativos e profissionais de apoio para oferta de EPT.;Existência e implementação de políticas para a formação continuada de docentes para atuação em EMI.;Quando não existem políticas voltadas para a formação continuada dos professores que atuam no EMI  visando a melhoria da qualidade da educação.
Dimensão Formação de Professores e de Profissionais de serviço e apoio escolar ;Formação Continuada de Professores, Gestores, Equipes Pedagógicas, Técnicos Administrativos e profissionais de apoio para oferta de EPT.;Existência e implementação de políticas para formação continuada das equipes pedagógicas que atuam no Ensino Médio para atuação no EMI.;Quando existem políticas com boa implementação, voltadas para a formação continuada das equipes pedagógicas que atuam no EM e EMI visando a melhoria da qualidade da educação.
Dimensão Formação de Professores e de Profissionais de serviço e apoio escolar ;Formação Continuada de Professores, Gestores, Equipes Pedagógicas, Técnicos Administrativos e profissionais de apoio para oferta de EPT.;Existência e implementação de políticas para formação continuada das equipes pedagógicas que atuam no Ensino Médio para atuação no EMI.;Quando existem políticas em fase de implementação, voltadas para a formação continuada das equipes pedagógicas que atuam no EM e EMI visando a melhoria da qualidade da educação.
Dimensão Formação de Professores e de Profissionais de serviço e apoio escolar ;Formação Continuada de Professores, Gestores, Equipes Pedagógicas, Técnicos Administrativos e profissionais de apoio para oferta de EPT.;Existência e implementação de políticas para formação continuada das equipes pedagógicas que atuam no Ensino Médio para atuação no EMI.;Quando existem políticas sem implementação, ou com implementação acidental, voltadas para a formação continuada das equipes pedagógicas que  atuam  no EM e  EMI; estas não visam integralmente a melhoria da qualidade da educação. 
Dimensão Formação de Professores e de Profissionais de serviço e apoio escolar ;Formação Continuada de Professores, Gestores, Equipes Pedagógicas, Técnicos Administrativos e profissionais de apoio para oferta de EPT.;Existência e implementação de políticas para formação continuada das equipes pedagógicas que atuam no Ensino Médio para atuação no EMI.;Quando não existem políticas voltadas para a formação continuada das equipes pedagógicas  que atuam no EM e EMI  visando a melhoria da qualidade da educação.
Dimensão Formação de Professores e de Profissionais de serviço e apoio escolar ;Formação Continuada de Professores, Gestores, Equipes Pedagógicas, Técnicos Administrativos e profissionais de apoio para oferta de EPT.;Existência e implementação de políticas para formação continuada de docentes para atuar no Ensino Médio na modalidade EJA  (PROEJA).;Quando existem políticas com boa implementação, voltadas para a formação continuada dos professores que atuam no EM modalidade EJA (PROEJA) visando a melhoria da qualidade da educação.
Dimensão Formação de Professores e de Profissionais de serviço e apoio escolar ;Formação Continuada de Professores, Gestores, Equipes Pedagógicas, Técnicos Administrativos e profissionais de apoio para oferta de EPT.;Existência e implementação de políticas para formação continuada de docentes para atuar no Ensino Médio na modalidade EJA  (PROEJA).;Quando existem políticas em fase de implementação, voltadas para a formação continuada dos professores que atuam no EM modalidade EJA (PROEJA) visando a melhoria da qualidade da educação.
Dimensão Formação de Professores e de Profissionais de serviço e apoio escolar ;Formação Continuada de Professores, Gestores, Equipes Pedagógicas, Técnicos Administrativos e profissionais de apoio para oferta de EPT.;Existência e implementação de políticas para formação continuada de docentes para atuar no Ensino Médio na modalidade EJA  (PROEJA).;Quando existem políticas sem implementação, ou com implementação acidental, voltadas para a formação continuada dos professores que atuam no EM modalidade EJA (PROEJA); estas não visam integralmente a melhoria da qualidade da educação. 
Dimensão Formação de Professores e de Profissionais de serviço e apoio escolar ;Formação Continuada de Professores, Gestores, Equipes Pedagógicas, Técnicos Administrativos e profissionais de apoio para oferta de EPT.;Existência e implementação de políticas para formação continuada de docentes para atuar no Ensino Médio na modalidade EJA  (PROEJA).;Quando não existem políticas voltadas para a formação continuada dos professores que atuam no EM modalidade EJA (PROEJA)  visando a melhoria da qualidade da educação.
Dimensão Formação de Professores e de Profissionais de serviço e apoio escolar ;Formação Continuada de Professores, Gestores, Equipes Pedagógicas, Técnicos Administrativos e profissionais de apoio para oferta de EPT.;Existência e implantação de políticas para formação continuada de docentes de Física, Química, Biologia e Matemática que atuam no Ensino Medio Integrado (EMI).;Quando existem políticas com boa implementação, voltadas para a formação continuada dos professores de Física, Química, Biologia e Matemática que atuam que atuam no EMI visando a melhoria da qualidade da educação.
Dimensão Formação de Professores e de Profissionais de serviço e apoio escolar ;Formação Continuada de Professores, Gestores, Equipes Pedagógicas, Técnicos Administrativos e profissionais de apoio para oferta de EPT.;Existência e implantação de políticas para formação continuada de docentes de Física, Química, Biologia e Matemática que atuam no Ensino Medio Integrado (EMI).;Quando existem políticas em fase de implementação, voltadas para a formação continuada dos  professores de Física, Química, Biologia e Matemática que atuam que atuam no EMI visando a melhoria da qualidade da educação.
Dimensão Formação de Professores e de Profissionais de serviço e apoio escolar ;Formação Continuada de Professores, Gestores, Equipes Pedagógicas, Técnicos Administrativos e profissionais de apoio para oferta de EPT.;Existência e implantação de políticas para formação continuada de docentes de Física, Química, Biologia e Matemática que atuam no Ensino Medio Integrado (EMI).;Quando existem políticas sem implementação, ou com implementação acidental, voltadas para a formação continuada dos professores de Física, Química, Biologia e Matemática que atuam no EMI; estas não visam integralmente a melhoria da qualidade da educação. 
Dimensão Formação de Professores e de Profissionais de serviço e apoio escolar ;Formação Continuada de Professores, Gestores, Equipes Pedagógicas, Técnicos Administrativos e profissionais de apoio para oferta de EPT.;Existência e implantação de políticas para formação continuada de docentes de Física, Química, Biologia e Matemática que atuam no Ensino Medio Integrado (EMI).;Quando não existem políticas voltadas para a formação continuada dos professores de Física, Química, Biologia e Matemática que atuam no EMI  visando a melhoria da qualidade da educação.
Dimensão Formação de Professores e de Profissionais de serviço e apoio escolar ;Formação Continuada de Professores, Gestores, Equipes Pedagógicas, Técnicos Administrativos e profissionais de apoio para oferta de EPT.;Existência e implantação de políticas para formação continuada de docentes das áreas profissionais dos cursos de educação profissional técnica de nível médio.;Quando existem políticas com boa implementação, voltadas para a formação continuada dos professores que atuam nos cursos de educação profissional e técnica de nível médio, visando a melhoria da qualidade da educação.
Dimensão Formação de Professores e de Profissionais de serviço e apoio escolar ;Formação Continuada de Professores, Gestores, Equipes Pedagógicas, Técnicos Administrativos e profissionais de apoio para oferta de EPT.;Existência e implantação de políticas para formação continuada de docentes das áreas profissionais dos cursos de educação profissional técnica de nível médio.;Quando existem políticas em fase de implementação, voltadas para a formação continuada dos professores que atuam nos cursos de educação profissional e técnica de nível médio, visando a melhoria da qualidade da educação.
Dimensão Formação de Professores e de Profissionais de serviço e apoio escolar ;Formação Continuada de Professores, Gestores, Equipes Pedagógicas, Técnicos Administrativos e profissionais de apoio para oferta de EPT.;Existência e implantação de políticas para formação continuada de docentes das áreas profissionais dos cursos de educação profissional técnica de nível médio.;Quando existem políticas sem implementação, ou com implementação acidental, voltadas para a formação continuada dos professores que atuam  nos cursos de educação profissional e técnica de nível médio; estas não visam integralmente a melhoria da qualidade da educação. 
Dimensão Formação de Professores e de Profissionais de serviço e apoio escolar ;Formação Continuada de Professores, Gestores, Equipes Pedagógicas, Técnicos Administrativos e profissionais de apoio para oferta de EPT.;Existência e implantação de políticas para formação continuada de docentes das áreas profissionais dos cursos de educação profissional técnica de nível médio.;Quando não existem políticas voltadas para a formação continuada dos professores que atuam nos cursos de educação profissional e técnica de nível médio visando a melhoria da qualidade da educação.
Dimensão Formação de Professores e de Profissionais de serviço e apoio escolar ;Formação Continuada de Professores, Gestores, Equipes Pedagógicas, Técnicos Administrativos e profissionais de apoio para oferta de EPT.;Grau de participação dos gestores de unidades de EPT em programas de formação específica.;Quando todos os gestores de unidades de EPT em atividade na rede participam ou participaram de um ou mais programas de qualificação, voltados para gestão escolar.
Dimensão Formação de Professores e de Profissionais de serviço e apoio escolar ;Formação Continuada de Professores, Gestores, Equipes Pedagógicas, Técnicos Administrativos e profissionais de apoio para oferta de EPT.;Grau de participação dos gestores de unidades de EPT em programas de formação específica.;Quando até 70% dos gestores de uniades de EPT em atividade na rede participam ou participaram de programas de qualificação, voltados para gestão escolar.
Dimensão Formação de Professores e de Profissionais de serviço e apoio escolar ;Formação Continuada de Professores, Gestores, Equipes Pedagógicas, Técnicos Administrativos e profissionais de apoio para oferta de EPT.;Grau de participação dos gestores de unidades de EPT em programas de formação específica.;Quando menos de 30% dos gestores de uniades de EPT em atividade na rede participam ou participaram de programas de qualificação, voltados para gestão escolar.
Dimensão Formação de Professores e de Profissionais de serviço e apoio escolar ;Formação Continuada de Professores, Gestores, Equipes Pedagógicas, Técnicos Administrativos e profissionais de apoio para oferta de EPT.;Grau de participação dos gestores de unidades de EPT em programas de formação específica.;Quando menos de 10% ou nenhum dos gestores de uniades de EPT em atividade na rede participam ou participaram de programas de qualificação, voltados para gestão escolar.
Dimensão Formação de Professores e de Profissionais de serviço e apoio escolar ;Formação Continuada de Professores, Gestores, Equipes Pedagógicas, Técnicos Administrativos e profissionais de apoio para oferta de EPT.;Existência de politica de formação continuada de formação de gestores.;Quando existem políticas com boa implementação, voltadas para a formação continuada de gestores que atuam no EM e EMI.
Dimensão Formação de Professores e de Profissionais de serviço e apoio escolar ;Formação Continuada de Professores, Gestores, Equipes Pedagógicas, Técnicos Administrativos e profissionais de apoio para oferta de EPT.;Existência de politica de formação continuada de formação de gestores.;Quando existem políticas em fase de implementação, voltadas para a formação continuada de gestores que atuam no EM e EMI.
Dimensão Formação de Professores e de Profissionais de serviço e apoio escolar ;Formação Continuada de Professores, Gestores, Equipes Pedagógicas, Técnicos Administrativos e profissionais de apoio para oferta de EPT.;Existência de politica de formação continuada de formação de gestores.;Quando existem políticas sem implementação, ou com implementação acidental, voltadas para a formação continuada de gestores que atuam no EM e EMI.
Dimensão Formação de Professores e de Profissionais de serviço e apoio escolar ;Formação Continuada de Professores, Gestores, Equipes Pedagógicas, Técnicos Administrativos e profissionais de apoio para oferta de EPT.;Existência de politica de formação continuada de formação de gestores.;Quando não existem políticas voltadas para a formação continuada de gestores que atuam no EM e EMI.
Dimensão Formação de Professores e de Profissionais de serviço e apoio escolar ;Formação Continuada de Professores, Gestores, Equipes Pedagógicas, Técnicos Administrativos e profissionais de apoio para oferta de EPT.;Existência e implementação de políticas para a formação continuada de profissionais de apoio e manutenção de laboratórios na rede de EPT.;Quando existem políticas com boa implementação, voltadas para a formação continuada dos profissionais de apoio e manutenção de laboratórios na rede de EPT.
Dimensão Formação de Professores e de Profissionais de serviço e apoio escolar ;Formação Continuada de Professores, Gestores, Equipes Pedagógicas, Técnicos Administrativos e profissionais de apoio para oferta de EPT.;Existência e implementação de políticas para a formação continuada de profissionais de apoio e manutenção de laboratórios na rede de EPT.;Quando existem políticas em fase de implementação, voltadas para a formação continuada dos profissionais de apoio e manutenção de laboratórios na rede de EPT.
Dimensão Formação de Professores e de Profissionais de serviço e apoio escolar ;Formação Continuada de Professores, Gestores, Equipes Pedagógicas, Técnicos Administrativos e profissionais de apoio para oferta de EPT.;Existência e implementação de políticas para a formação continuada de profissionais de apoio e manutenção de laboratórios na rede de EPT.;Quando existem políticas sem implementação, ou com implementação acidental, voltadas para a formação continuada dos profissionais de apoio e manutenção de laboratórios na rede de EPT.
Dimensão Formação de Professores e de Profissionais de serviço e apoio escolar ;Formação Continuada de Professores, Gestores, Equipes Pedagógicas, Técnicos Administrativos e profissionais de apoio para oferta de EPT.;Existência e implementação de políticas para a formação continuada de profissionais de apoio e manutenção de laboratórios na rede de EPT.;Quando não existem políticas voltadas para a formação continuada dos profissionais de apoio e manutenção de laboratórios na rede de EPT.
Dimensão Práticas Pedagógicas e Avaliação;Adequação dos cursos e programas às normas e boas práticas educativas;Cursos adequados ao Catálogo Nacional de Cursos Técnicos.;Quando todos os cursos ofertados estão adequados ao Catálogo Nacional de Cursos Técnicos.
Dimensão Práticas Pedagógicas e Avaliação;Adequação dos cursos e programas às normas e boas práticas educativas;Cursos adequados ao Catálogo Nacional de Cursos Técnicos.;Quando até 70% dos cursos ofertados estão adequados ao Catálogo Nacional de Cursos Técnicos.
Dimensão Práticas Pedagógicas e Avaliação;Adequação dos cursos e programas às normas e boas práticas educativas;Cursos adequados ao Catálogo Nacional de Cursos Técnicos.;Quando até 30% dos cursos ofertados estão adequados ao Catálogo Nacional de Cursos Técnicos.
Dimensão Práticas Pedagógicas e Avaliação;Adequação dos cursos e programas às normas e boas práticas educativas;Cursos adequados ao Catálogo Nacional de Cursos Técnicos.;Quando menos de 30% ou nenhum dos cursos ofertados estão adequados ao Catálogo Nacional de Cursos Técnicos.
Dimensão Práticas Pedagógicas e Avaliação;Adequação dos cursos e programas às normas e boas práticas educativas;Cursos em consonância com os arranjos produtivos e vocacionais locais e regionais.;Quando todos os cursos ofertados foram implantados com base nos aranjos produtivos vocacionais locais e regionais. 
Dimensão Práticas Pedagógicas e Avaliação;Adequação dos cursos e programas às normas e boas práticas educativas;Cursos em consonância com os arranjos produtivos e vocacionais locais e regionais.;Quando até 70% dos cursos ofertados foram implantados com base nos aranjos produtivos vocacionais locais e regionais. 
Dimensão Práticas Pedagógicas e Avaliação;Adequação dos cursos e programas às normas e boas práticas educativas;Cursos em consonância com os arranjos produtivos e vocacionais locais e regionais.;Quando até 30% dos cursos ofertados foram implantados com base nos aranjos produtivos vocacionais locais e regionais. 
Dimensão Práticas Pedagógicas e Avaliação;Adequação dos cursos e programas às normas e boas práticas educativas;Cursos em consonância com os arranjos produtivos e vocacionais locais e regionais.;Quando menos de 30% ou nenhum dos cursos ofertados considera os arranjos produtivos vocacionais locais e regionais.
Dimensão Práticas Pedagógicas e Avaliação;Adequação dos cursos e programas às normas e boas práticas educativas;Implantação de planos de estágios com base na celebração de convênio de concessão de estágio com entes públicos ou privados, explicitando o processo educativo compreendido nas atividades programadas para os educandos.;Quando todas as escolas apresentam plano de estágio constante no PPP e no plano de curso, em consonância ao currículo proposto, como parte obrigatória de todos os cursos, com convênio, tendo um setor de apoio especializado na SEE e nas escolas.
Dimensão Práticas Pedagógicas e Avaliação;Adequação dos cursos e programas às normas e boas práticas educativas;Implantação de planos de estágios com base na celebração de convênio de concessão de estágio com entes públicos ou privados, explicitando o processo educativo compreendido nas atividades programadas para os educandos.;Quando até 70% das escolas apresentam plano de estágio constante no PPP e no plano de curso. É  parte obrigatória somente de alguns cursos, com convênio, tendo um setor de apoio especializado na SEE e nas escolas.
Dimensão Práticas Pedagógicas e Avaliação;Adequação dos cursos e programas às normas e boas práticas educativas;Implantação de planos de estágios com base na celebração de convênio de concessão de estágio com entes públicos ou privados, explicitando o processo educativo compreendido nas atividades programadas para os educandos.;Quando até 30% das escolas apresentam plano de estágio, porém não constante no  PPP. É  parte obrigatória somente de alguns cursos, não tendo um setor de apoio especializado  na SEE tampouco nas escolas.
Dimensão Práticas Pedagógicas e Avaliação;Adequação dos cursos e programas às normas e boas práticas educativas;Implantação de planos de estágios com base na celebração de convênio de concessão de estágio com entes públicos ou privados, explicitando o processo educativo compreendido nas atividades programadas para os educandos.;Quando menos de 30% ou nenhuma das escolas apresentam plano de estágio.
Dimensão Práticas Pedagógicas e Avaliação;Adequação dos cursos e programas às normas e boas práticas educativas;Existência de programas de inserção social e/ou iniciação científica. ;Quando em todas as escolas de EPT existe ao menos um programa de inserção social e/ou científica. 
Dimensão Práticas Pedagógicas e Avaliação;Adequação dos cursos e programas às normas e boas práticas educativas;Existência de programas de inserção social e/ou iniciação científica. ;Quando em até 70% das escolas de EPT existe ao menos um programa de inserção social e/ou científica.
Dimensão Práticas Pedagógicas e Avaliação;Adequação dos cursos e programas às normas e boas práticas educativas;Existência de programas de inserção social e/ou iniciação científica. ;Quando em até 30% das escolas de EPT existe ao menos um programa de inserção social e/ou científica.
Dimensão Práticas Pedagógicas e Avaliação;Adequação dos cursos e programas às normas e boas práticas educativas;Existência de programas de inserção social e/ou iniciação científica. ;Quando em menos 30% ou em nenhuma das escolas de EPT existe programa de inserção social e/ou científica.
Dimensão Práticas Pedagógicas e Avaliação;Adequação dos cursos e programas às normas e boas práticas educativas;Existência de programas de formação cultural/artística previstos no currículo.;Quando mais  de 60% das escolas apresenta  ao menos um programa de formação cultural/artística presente no currículo, tais como conjuntos musicais diversos, grupos de teatro, ateliês de artes plásticas, festivais de música, feiras culturais entre outros.
Dimensão Práticas Pedagógicas e Avaliação;Adequação dos cursos e programas às normas e boas práticas educativas;Existência de programas de formação cultural/artística previstos no currículo.;Quando entre 40% a 60% das escolas apresenta  ao menos um programa de formação cultural/artística presente no currículo, tais como conjuntos musicais diversos, grupos de teatro, ateliês de artes plásticas, festivais de música, feiras culturais entre outros.
Dimensão Práticas Pedagógicas e Avaliação;Adequação dos cursos e programas às normas e boas práticas educativas;Existência de programas de formação cultural/artística previstos no currículo.;Quando menos de 40% das escolas apresenta  ao menos um programa de formação cultural/artística presente no currículo, tais como conjuntos musicais diversos, grupos de teatro, ateliês de artes plásticas, festivais de música, feiras culturais entre outros.
Dimensão Práticas Pedagógicas e Avaliação;Adequação dos cursos e programas às normas e boas práticas educativas;Existência de programas de formação cultural/artística previstos no currículo.;Quando nenhuma escola apresenta em seu currículo programas de formação cultural/artística. 
Dimensão Práticas Pedagógicas e Avaliação;Adequação dos cursos e programas às normas e boas práticas educativas;Existência de programas de empreendedorismo/cooperativismo, com capacitação e prática tais como Empresa Júnior, Hotel Tecnológico e Incubadora de Empresa.;Quando em todas as escolas há capacitação para o empreendedorismo/cooperativismo com instalação e prática; com setor de apoio próprio e interação com os professores e desenvolvimento com o uso do espaço escolar.                                                                                                                                                                             
Dimensão Práticas Pedagógicas e Avaliação;Adequação dos cursos e programas às normas e boas práticas educativas;Existência de programas de empreendedorismo/cooperativismo, com capacitação e prática tais como Empresa Júnior, Hotel Tecnológico e Incubadora de Empresa.;Quando em até 70% das escolas há capacitação para o empreendedorismo/cooperativismo com instalação e pratica;  com setor de apoio próprio;   pouca interação entre  professores; e desenvolvimento com o uso do espaço escolar
Dimensão Práticas Pedagógicas e Avaliação;Adequação dos cursos e programas às normas e boas práticas educativas;Existência de programas de empreendedorismo/cooperativismo, com capacitação e prática tais como Empresa Júnior, Hotel Tecnológico e Incubadora de Empresa.; Quando em até 30% das escolas há capacitação para o empreendedorismo/cooperativismo, porém sem instalação e prática; pouca interação entre os professores e utilização do espaço escolar deficiente.
Dimensão Práticas Pedagógicas e Avaliação;Adequação dos cursos e programas às normas e boas práticas educativas;Existência de programas de empreendedorismo/cooperativismo, com capacitação e prática tais como Empresa Júnior, Hotel Tecnológico e Incubadora de Empresa.;Quando não há capacitação e nem prática de empreendedorismo/cooperativismo nas escolas.
Dimensão Infra-estrutura física e Recursos pedagógicos;Instalações físicas e equipamentos;Expansão de unidades de Ensino Médio Integrado a Educação Profissional e Tecnológica adequadamente distribuida na UF.;Quando existem unidades de EMI suficientes para atender a demanda da UF. Estas unidades estão distribuídas de acordo com um plano de expansão que considera indicadores sociais, econômicos e educacionais.                                        
Dimensão Infra-estrutura física e Recursos pedagógicos;Instalações físicas e equipamentos;Expansão de unidades de Ensino Médio Integrado a Educação Profissional e Tecnológica adequadamente distribuida na UF.;Quando existem unidades de EMI suficientes, porém a maioria está em fase de implantação. A distribuição na UF foi feita de acordo com um plano de expansão que considera indicadores sociais, econômicos e educacionais.
Dimensão Infra-estrutura física e Recursos pedagógicos;Instalações físicas e equipamentos;Expansão de unidades de Ensino Médio Integrado a Educação Profissional e Tecnológica adequadamente distribuida na UF.;Quando existe expansão de unidades de EMI, porém ainda insuficientes. Não houve um planejamento de distribuição na UF considerando indicadores sociais, econômicos e educacionais.
Dimensão Infra-estrutura física e Recursos pedagógicos;Instalações físicas e equipamentos;Expansão de unidades de Ensino Médio Integrado a Educação Profissional e Tecnológica adequadamente distribuida na UF.;Quando não há plano de expansão das unidades de EMI.
Dimensão Infra-estrutura física e Recursos pedagógicos;Instalações físicas e equipamentos;Existência e funcionalidade de laboratórios na área de Biologia.;Quando existem laboratórios de Biologia devidamente equipados e com capacidade para atender as necessidades dos professores e alunos de todos os anos/séries do Ensino Médio. Todas as escolas dispõem de um técnico especializado que realiza a manutenção dos equipamentos  regularmente. Alunos e professores utilizam freqüentemente esses os laboratórios.
Dimensão Infra-estrutura física e Recursos pedagógicos;Instalações físicas e equipamentos;Existência e funcionalidade de laboratórios na área de Biologia.;Quando existem laboratórios de Biologia, porém pouco equipados e com capacidade para atender, em parte,  as necessidades dos professores e alunos de todos ou mais de dois anos/séries do Ensino Médio. Eventualmente um técnico especializado realiza a manutenção nos equipamentos. Raramente alunos e professores utilizam esses laboratórios.
Dimensão Infra-estrutura física e Recursos pedagógicos;Instalações físicas e equipamentos;Existência e funcionalidade de laboratórios na área de Biologia.;Quando existem laboratórios de Biologia, mas estão desativados por falta de equipamentos necessários ou pela falta de manutenção regular. Não tem capacidade para atender as necessidades de alunos e professores. 
Dimensão Infra-estrutura física e Recursos pedagógicos;Instalações físicas e equipamentos;Existência e funcionalidade de laboratórios na área de Biologia.;Quando não existem laboratórios de Biologia.
Dimensão Infra-estrutura física e Recursos pedagógicos;Instalações físicas e equipamentos;Existência e funcionalidade de laboratórios na área de Química. ;Quando existem laboratórios de Química devidamente equipados e com capacidade para atender as necessidades dos professores e alunos de todos os anos/séries do Ensino Médio. Todas as escolas dispõem de um técnico especializado que realiza a manutenção dos equipamentos  regularmente. Alunos e professores utilizam freqüentemente esses os laboratórios.
Dimensão Infra-estrutura física e Recursos pedagógicos;Instalações físicas e equipamentos;Existência e funcionalidade de laboratórios na área de Química. ;Quando existem laboratórios de Química, porém pouco equipados e com capacidade para atender, em parte,  as necessidades dos professores e alunos de todos ou mais de dois anos/séries do Ensino Médio. Eventualmente um técnico especializado realiza a manutenção nos equipamentos. Raramente alunos e professores utilizam esses laboratórios.
Dimensão Infra-estrutura física e Recursos pedagógicos;Instalações físicas e equipamentos;Existência e funcionalidade de laboratórios na área de Química. ;Quando existem laboratórios de Química, mas estão desativados por falta de equipamentos necessários ou pela falta de manutenção regular. Não tem capacidade para atender as necessidades de alunos e professores. 
Dimensão Infra-estrutura física e Recursos pedagógicos;Instalações físicas e equipamentos;Existência e funcionalidade de laboratórios na área de Química. ;Quando não existem laboratórios de Química.
Dimensão Infra-estrutura física e Recursos pedagógicos;Instalações físicas e equipamentos;Existência e funcionalidade de laboratórios na área de Física.;Quando existem laboratórios de Física devidamente equipados e com capacidade para atender as necessidades dos professores e alunos de todos os anos/séries do Ensino Médio. Todas as escolas dispõem de um técnico especializado que realiza a manutenção dos equipamentos  regularmente. Alunos e professores utilizam freqüentemente esses os laboratórios.
Dimensão Infra-estrutura física e Recursos pedagógicos;Instalações físicas e equipamentos;Existência e funcionalidade de laboratórios na área de Física.;Quando existem laboratórios de Física, porém pouco equipados e com capacidade para atender, em parte,  as necessidades dos professores e alunos de todos ou mais de dois anos/séries do Ensino Médio. Eventualmente um técnico especializado realiza a manutenção nos equipamentos. Raramente alunos e professores utilizam esses laboratórios.
Dimensão Infra-estrutura física e Recursos pedagógicos;Instalações físicas e equipamentos;Existência e funcionalidade de laboratórios na área de Física.;Quando existem laboratórios de Física, mas estão desativados por falta de equipamentos necessários ou pela falta de manutenção regular. Não tem capacidade para atender as necessidades de alunos e professores. 
Dimensão Infra-estrutura física e Recursos pedagógicos;Instalações físicas e equipamentos;Existência e funcionalidade de laboratórios na área de Física.;Quando não existem laboratórios de Física.
Dimensão Infra-estrutura física e Recursos pedagógicos;Instalações físicas e equipamentos;Existência e funcionalidade de laboratórios na área de Matemática nas Escolas de EPT.;Quando existem laboratórios de Matemática nas escolas de EPT devidamente equipados e com capacidade para atender as necessidades dos professores e alunos de todos os anos/séries do EPT. Todas as escolas dispõem de um técnico especializado que realiza a manutenção dos equipamentos  regularmente. Alunos e professores utilizam freqüentemente os laboratórios.
Dimensão Infra-estrutura física e Recursos pedagógicos;Instalações físicas e equipamentos;Existência e funcionalidade de laboratórios na área de Matemática nas Escolas de EPT.;Quando existem laboratórios de Matemática nas escolas de EPT , porém pouco equipados e com capacidade para atender, em parte,  as necessidades dos professores e alunos de todos ou mais de dois anos/séries do EPT. Eventualmente um técnico especializado realiza a manutenção nos equipamentos. Raramente alunos e professores utilizam os laboratórios.
Dimensão Infra-estrutura física e Recursos pedagógicos;Instalações físicas e equipamentos;Existência e funcionalidade de laboratórios na área de Matemática nas Escolas de EPT.;Quando existem laboratórios de Matemática nas escolas de EPT, mas estão desativados por falta de equipamentos necessários ou pela falta de manutenção regular. Não tem capacidade para atender as necessidades de alunos e professores. 
Dimensão Infra-estrutura física e Recursos pedagógicos;Instalações físicas e equipamentos;Existência e funcionalidade de laboratórios na área de Matemática nas Escolas de EPT.;Quando não existem laboratórios de matemática nas escolas de EPT
Dimensão Infra-estrutura física e Recursos pedagógicos;Instalações físicas e equipamentos;Existência e funcionalidade de laboratórios tecnológicos recomendados no Catálogo Nacional de Cursos Técnicos da SETEC nas Escolas de EPT;Quando existem laboratórios tecnológicos nas escolas de EMI devidamente equipados e com capacidade para atender as necessidades dos professores e alunos de todos os anos/séries do EPT. Todas as escolas dispõem de um técnico especializado que realiza a manutenção dos equipamentos  regularmente. Alunos e professores utilizam freqüentemente  os laboratórios.
Dimensão Infra-estrutura física e Recursos pedagógicos;Instalações físicas e equipamentos;Existência e funcionalidade de laboratórios tecnológicos recomendados no Catálogo Nacional de Cursos Técnicos da SETEC nas Escolas de EPT;Quando existem laboratórios tecnológicos nas escolas de EPT , porém pouco equipados e com capacidade para atender, em parte,  as necessidades dos professores e alunos de todos ou mais de dois anos/séries do EPT. Eventualmente um técnico especializado realiza a manutenção nos equipamentos. Raramente alunos e professores utilizam os laboratórios.
Dimensão Infra-estrutura física e Recursos pedagógicos;Instalações físicas e equipamentos;Existência e funcionalidade de laboratórios tecnológicos recomendados no Catálogo Nacional de Cursos Técnicos da SETEC nas Escolas de EPT;Quando existem laboratórios tecnológicos nas escolas de EPT, mas estão desativados por falta de equipamentos necessários ou pela falta de manutenção regular. Não tem capacidade para atender as necessidades de alunos e professores. 
Dimensão Infra-estrutura física e Recursos pedagógicos;Instalações físicas e equipamentos;Existência e funcionalidade de laboratórios tecnológicos recomendados no Catálogo Nacional de Cursos Técnicos da SETEC nas Escolas de EPT;Quando não existem laboratórios tecnológicos nas escolas de EPT.
Dimensão Infra-estrutura física e Recursos pedagógicos;Instalações físicas e equipamentos;Instalações gerais e mobiliário para o ensino nas Escolas de EPT.;Quando as instalações para o ensino são adequadas e atendem aos requisitos de dimensão para o número de alunos, acústica, iluminação, ventilação e limpeza. O mobiliário está em bom estado de conservação.
Dimensão Infra-estrutura física e Recursos pedagógicos;Instalações físicas e equipamentos;Instalações gerais e mobiliário para o ensino nas Escolas de EPT.;Quando as instalações para o ensino atendem, em parte as dimensões para o número de alunos, acústica, iluminação, ventilação e limpeza. O mobiliário está, em parte, conservado.
Dimensão Infra-estrutura física e Recursos pedagógicos;Instalações físicas e equipamentos;Instalações gerais e mobiliário para o ensino nas Escolas de EPT.;Quando as instalações para o ensino atendem, minimamente, as dimensões para o número de alunos, a acústica, iluminação, ventilação e limpeza. O mobiliário está em péssimas condições de utilização.
Dimensão Infra-estrutura física e Recursos pedagógicos;Instalações físicas e equipamentos;Instalações gerais e mobiliário para o ensino nas Escolas de EPT.;Quando as instalações gerais para o ensino são inapropriadas para um ambiente de aprendizagem.
Dimensão Infra-estrutura física e Recursos pedagógicos;Instalações físicas e equipamentos;Condições de acesso para pessoas com deficiência física ou com dificuldades de locomoção nas Escolas de EPT.;Quando todas as escolas da rede apresentam instalações adequadas às condições de acesso para PcD, com rampas de inclinação adequada; instalações sanitárias apropriadas. Essa adequação resulta ou expressa uma diretriz de ação da SEE, sendo de conhecimento da comunidade.
Dimensão Infra-estrutura física e Recursos pedagógicos;Instalações físicas e equipamentos;Condições de acesso para pessoas com deficiência física ou com dificuldades de locomoção nas Escolas de EPT.;Quando parte das escolas da rede apresentam algumas instalações razoavelmente adequadas às condições de acesso para PcD, com rampas de inclinação adequada; instalações sanitárias apropriadas. Essa adequação resulta ou expressa parcialmente uma diretriz de ação da SEE, não sendo de conhecimento de toda comunidade.
Dimensão Infra-estrutura física e Recursos pedagógicos;Instalações físicas e equipamentos;Condições de acesso para pessoas com deficiência física ou com dificuldades de locomoção nas Escolas de EPT.;Quando as instalações das escolas são parcialmente adequadas às condições de acesso para PcD, com poucas rampas de acesso. Ausência de um planejamento da SEE.
Dimensão Infra-estrutura física e Recursos pedagógicos;Instalações físicas e equipamentos;Condições de acesso para pessoas com deficiência física ou com dificuldades de locomoção nas Escolas de EPT.;Quando as instalações das escolas são totalmente inadequadas às condições de acesso para PcD. Ausência de um planejamento da SEE.
Dimensão Infra-estrutura física e Recursos pedagógicos;Instalações físicas e equipamentos;Condições das instalações de cozinha, refeitório e alojamento nas Escolas de EMI.;Quando todas as escolas possuem cozinha devidamente equipada e em bom estado de conservação; existem espaços adequados para o armazenamento dos alimentos; as escolas dispõem de refeitório e alojamentos com capacidade adequada.
Dimensão Infra-estrutura física e Recursos pedagógicos;Instalações físicas e equipamentos;Condições das instalações de cozinha, refeitório e alojamento nas Escolas de EMI.;Quando parte das escolas da rede possuem cozinha devidamente equipada e em bom estado de conservação; existem espaços adequados para o armazenamento dos alimentos; as escolas dispõem de refeitório e alojamentos com capacidade adequada.
Dimensão Infra-estrutura física e Recursos pedagógicos;Instalações físicas e equipamentos;Condições das instalações de cozinha, refeitório e alojamento nas Escolas de EMI.;Quando parte das escolas da rede possuem cozinha, mas estas não estão devidamente equipadas; o estado de conservação dos equipamentos é ruim; os espaços para o armazenamento dos alimentos são pouco adequados; as escolas não dispõem de refeitório nem alojamento
Dimensão Infra-estrutura física e Recursos pedagógicos;Instalações físicas e equipamentos;Condições das instalações de cozinha, refeitório e alojamento nas Escolas de EMI.;Quando as escolas da rede não possuem cozinha equipada; os espaços para o armazenamento dos alimentos são totalmente inadequados; não existe refeitório nem alojamento
Dimensão Infra-estrutura física e Recursos pedagógicos;Instalações físicas e equipamentos;Adequação, manutenção e conservação das instalações e equipamentos nas Escolas de EPT.;Quando todas as instalações e equipamentos das escolas são adequados ao fim a que se destinam e estão em bom estado de conservação.
Dimensão Infra-estrutura física e Recursos pedagógicos;Instalações físicas e equipamentos;Adequação, manutenção e conservação das instalações e equipamentos nas Escolas de EPT.;Quando 50% ou mais das instalações e equipamentos das escolas são adequados ao fim a que se destinam e estão em bom estado de conservação.
Dimensão Infra-estrutura física e Recursos pedagógicos;Instalações físicas e equipamentos;Adequação, manutenção e conservação das instalações e equipamentos nas Escolas de EPT.;Quando menos de 50% das instalações e equipamentos das escolas são adequados ao fim a que se destinam e estão em bom estado de conservação.
Dimensão Infra-estrutura física e Recursos pedagógicos;Instalações físicas e equipamentos;Adequação, manutenção e conservação das instalações e equipamentos nas Escolas de EPT.;Quando as instalações e equipamentos não são adequados ao fim a que se destinam; não existem políticas que visem à manutenção e conservação.
Dimensão Infra-estrutura física e Recursos pedagógicos;Integração e Expansão do uso de Tecnologias da informação e comunicação nas Escolas de EMI.;Existência de salas de apoio presencial em Educação a Distância (EaD).;Quando todas as escolas possuem sala de apoio presencial para EaD devidamente equipada e com equipamentos e mobiliários em bom estado de conservação..                                                                                                                                      
Dimensão Infra-estrutura física e Recursos pedagógicos;Integração e Expansão do uso de Tecnologias da informação e comunicação nas Escolas de EMI.;Existência de salas de apoio presencial em Educação a Distância (EaD).;Quando até 70% das escolas possuem sala de apoio presencial para EaD devidamente equipadas e com equipamentos e mobiliário em bom estado de conservação.     
Dimensão Infra-estrutura física e Recursos pedagógicos;Integração e Expansão do uso de Tecnologias da informação e comunicação nas Escolas de EMI.;Existência de salas de apoio presencial em Educação a Distância (EaD).;Quando até 30% das escolas possuem sala de apoio presencial para EaD, porém pouco equipadas e com equipamentos e mobiliário não bem conservados.  
Dimensão Infra-estrutura física e Recursos pedagógicos;Integração e Expansão do uso de Tecnologias da informação e comunicação nas Escolas de EMI.;Existência de salas de apoio presencial em Educação a Distância (EaD).;Quando as escolas não possuem sala específica de apoio presencial para EaD.
Dimensão Infra-estrutura física e Recursos pedagógicos;Integração e Expansão do uso de Tecnologias da informação e comunicação nas Escolas de EMI.;Existência de computadores ligados à rede mundial de computadores e utilização de recursos de informática para atualização de conteúdos e realização de pesquisas;Quando todas as escolas da rede possuem computadores ligados à rede mundial de computadores. A quantidade existente permite a utilização por parte de professores e alunos para acesso à conteúdos e realização de pesquisas; professores e alunos utilizam os computadores.
Dimensão Infra-estrutura física e Recursos pedagógicos;Integração e Expansão do uso de Tecnologias da informação e comunicação nas Escolas de EMI.;Existência de computadores ligados à rede mundial de computadores e utilização de recursos de informática para atualização de conteúdos e realização de pesquisas;Quando parte das escolas da rede possuem computadores ligados à rede mundial de computadores, mas a quantidade existente não permite utilização freqüente por parte de todos os professores e alunos.
Dimensão Infra-estrutura física e Recursos pedagógicos;Integração e Expansão do uso de Tecnologias da informação e comunicação nas Escolas de EMI.;Existência de computadores ligados à rede mundial de computadores e utilização de recursos de informática para atualização de conteúdos e realização de pesquisas;Quando parte das escolas da rede possuem apenas um computador ligado à rede mundial de computadores; sua utilização fica restrita à direção e à secretaria da escola.
Dimensão Infra-estrutura física e Recursos pedagógicos;Integração e Expansão do uso de Tecnologias da informação e comunicação nas Escolas de EMI.;Existência de computadores ligados à rede mundial de computadores e utilização de recursos de informática para atualização de conteúdos e realização de pesquisas;Quando nenhuma escola da rede está ligada à rede mundial de computadores
Dimensão Infra-estrutura física e Recursos pedagógicos;Integração e Expansão do uso de Tecnologias da informação e comunicação nas Escolas de EMI.;Existência de recursos audiovisuais;Quando todas as escolas da rede possuem sala específica de vídeo equipada com TV, Vídeo/DVD e equipamento multimídia e têm disponíveis materiais pedagógicos atualizados para utilização destes recursos.
Dimensão Infra-estrutura física e Recursos pedagógicos;Integração e Expansão do uso de Tecnologias da informação e comunicação nas Escolas de EMI.;Existência de recursos audiovisuais;Quando parte das escolas (mais de 50%) da rede possuem sala específica de vídeo equipada com TV, Vídeo/DVD e equipamento multimídia e tem disponíveis materiais pedagógicos pouco atualizados para utilização destes recursos.
Dimensão Infra-estrutura física e Recursos pedagógicos;Integração e Expansão do uso de Tecnologias da informação e comunicação nas Escolas de EMI.;Existência de recursos audiovisuais;Quando parte das escolas (até 30%) da rede possui apenas TV e vídeo, em sala não específica e os materiais didáticos disponíveis não são atualizados.
Dimensão Infra-estrutura física e Recursos pedagógicos;Integração e Expansão do uso de Tecnologias da informação e comunicação nas Escolas de EMI.;Existência de recursos audiovisuais;Quando nenhuma escola da rede possui sala específica de vídeo, tampouco TV, Vídeo/DVD e equipamento multimídia.
Dimensão Infra-estrutura física e Recursos pedagógicos;Recursos Pedagógicos para o desenvolvimento de práticas pedagógicas que considerem a diversidade das demandas educacionais nas Escolas de EPT.;Suficiência e diversidade do acervo bibliográfico na área de Biologia nas Escolas de EPT;Quando o acervo na área de Biologia é adequado aos anos/séries de ensino ofertadas pelas escolas de EPT e atende às necessidades dos alunos e professores.
Dimensão Infra-estrutura física e Recursos pedagógicos;Recursos Pedagógicos para o desenvolvimento de práticas pedagógicas que considerem a diversidade das demandas educacionais nas Escolas de EPT.;Suficiência e diversidade do acervo bibliográfico na área de Biologia nas Escolas de EPT;Quando o acervo na área de Biologia é parcialmente adequado aos anos/séries de ensino ofertadas pelas escolas de EPT  e atende, em parte, as necessidades dos alunos e professores.
Dimensão Infra-estrutura física e Recursos pedagógicos;Recursos Pedagógicos para o desenvolvimento de práticas pedagógicas que considerem a diversidade das demandas educacionais nas Escolas de EPT.;Suficiência e diversidade do acervo bibliográfico na área de Biologia nas Escolas de EPT;Quando o acervo na área de Biologia é inadequado para um ou mais anos/séries de ensino; não atende necessidades dos alunos e professores. Ou quando o acervo é somente de livros didáticos. 
Dimensão Infra-estrutura física e Recursos pedagógicos;Recursos Pedagógicos para o desenvolvimento de práticas pedagógicas que considerem a diversidade das demandas educacionais nas Escolas de EPT.;Suficiência e diversidade do acervo bibliográfico na área de Biologia nas Escolas de EPT;Quando não há acervo na área de Biologia.
Dimensão Infra-estrutura física e Recursos pedagógicos;Recursos Pedagógicos para o desenvolvimento de práticas pedagógicas que considerem a diversidade das demandas educacionais nas Escolas de EPT.;Suficiência e diversidade do acervo bibliográfico na área de Química nas Escolas de EPT;Quando o acervo na área de Química é adequado aos anos/séries de ensino ofertadas pelas escolas de EPT e atende às necessidades dos alunos e professores.
Dimensão Infra-estrutura física e Recursos pedagógicos;Recursos Pedagógicos para o desenvolvimento de práticas pedagógicas que considerem a diversidade das demandas educacionais nas Escolas de EPT.;Suficiência e diversidade do acervo bibliográfico na área de Química nas Escolas de EPT;Quando o acervo na área de Química é parcialmente adequado aos anos/séries de ensino ofertadas pelas escolas de EPT  e atende, em parte, as necessidades dos alunos e professores.
Dimensão Infra-estrutura física e Recursos pedagógicos;Recursos Pedagógicos para o desenvolvimento de práticas pedagógicas que considerem a diversidade das demandas educacionais nas Escolas de EPT.;Suficiência e diversidade do acervo bibliográfico na área de Química nas Escolas de EPT;Quando o acervo na área de Química é inadequado para um ou mais anos/séries de ensino; não atende necessidades dos alunos e professores. Ou quando o acervo é somente de livros didáticos. 
Dimensão Infra-estrutura física e Recursos pedagógicos;Recursos Pedagógicos para o desenvolvimento de práticas pedagógicas que considerem a diversidade das demandas educacionais nas Escolas de EPT.;Suficiência e diversidade do acervo bibliográfico na área de Química nas Escolas de EPT;Quando não há acervo na área de Química.
Dimensão Infra-estrutura física e Recursos pedagógicos;Recursos Pedagógicos para o desenvolvimento de práticas pedagógicas que considerem a diversidade das demandas educacionais nas Escolas de EPT.;Suficiência e diversidade do acervo bibliográfico na área de Física nas Escolas de EPT;Quando o acervo na área de Física é adequado aos anos/séries de ensino ofertadas pelas escolas de EPT e atende às necessidades dos alunos e professores.
Dimensão Infra-estrutura física e Recursos pedagógicos;Recursos Pedagógicos para o desenvolvimento de práticas pedagógicas que considerem a diversidade das demandas educacionais nas Escolas de EPT.;Suficiência e diversidade do acervo bibliográfico na área de Física nas Escolas de EPT;Quando o acervo na área de Física é parcialmente adequado aos anos/séries de ensino ofertadas pelas escolas de EPT  e atende, em parte, as necessidades dos alunos e professores.
Dimensão Infra-estrutura física e Recursos pedagógicos;Recursos Pedagógicos para o desenvolvimento de práticas pedagógicas que considerem a diversidade das demandas educacionais nas Escolas de EPT.;Suficiência e diversidade do acervo bibliográfico na área de Física nas Escolas de EPT;Quando o acervo na área de Física é inadequado para um ou mais anos/séries de ensino; não atende necessidades dos alunos e professores. Ou quando o acervo é somente de livros didáticos. 
Dimensão Infra-estrutura física e Recursos pedagógicos;Recursos Pedagógicos para o desenvolvimento de práticas pedagógicas que considerem a diversidade das demandas educacionais nas Escolas de EPT.;Suficiência e diversidade do acervo bibliográfico na área de Física nas Escolas de EPT;Quando não há acervo na área de Física.
Dimensão Infra-estrutura física e Recursos pedagógicos;Recursos Pedagógicos para o desenvolvimento de práticas pedagógicas que considerem a diversidade das demandas educacionais nas Escolas de EPT.;Suficiência e diversidade do acervo bibliográfico na área de Matemática nas Escolas de EPT;Quando o acervo na área de Matemática é adequado aos anos/séries de ensino ofertadas pelas escolas de EPT e atende às necessidades dos alunos e professores.
Dimensão Infra-estrutura física e Recursos pedagógicos;Recursos Pedagógicos para o desenvolvimento de práticas pedagógicas que considerem a diversidade das demandas educacionais nas Escolas de EPT.;Suficiência e diversidade do acervo bibliográfico na área de Matemática nas Escolas de EPT;Quando o acervo na área de Matemática é parcialmente adequado aos anos/séries de ensino ofertadas pelas escolas de EPT  e atende, em parte, as necessidades dos alunos e professores.
Dimensão Infra-estrutura física e Recursos pedagógicos;Recursos Pedagógicos para o desenvolvimento de práticas pedagógicas que considerem a diversidade das demandas educacionais nas Escolas de EPT.;Suficiência e diversidade do acervo bibliográfico na área de Matemática nas Escolas de EPT;Quando o acervo na área de Matemática é inadequado para um ou mais anos/séries de ensino; não atende necessidades dos alunos e professores. Ou quando o acervo é somente de livros didáticos. 
Dimensão Infra-estrutura física e Recursos pedagógicos;Recursos Pedagógicos para o desenvolvimento de práticas pedagógicas que considerem a diversidade das demandas educacionais nas Escolas de EPT.;Suficiência e diversidade do acervo bibliográfico na área de Matemática nas Escolas de EPT;Quando não há acervo na área de Matemática.
Dimensão Infra-estrutura física e Recursos pedagógicos;Recursos Pedagógicos para o desenvolvimento de práticas pedagógicas que considerem a diversidade das demandas educacionais nas Escolas de EPT.;Suficiência e diversidade do acervo bibliográfico nas áreas profissionais dos cursos de educação profissional técnica de nível médio nas Escolas de EPT;Quando o acervo nas áreas profissionais ofertadas pelas escolas é adequado aos anos/séries de ensino ofertadas e atende às necessidades dos alunos e professores.
Dimensão Infra-estrutura física e Recursos pedagógicos;Recursos Pedagógicos para o desenvolvimento de práticas pedagógicas que considerem a diversidade das demandas educacionais nas Escolas de EPT.;Suficiência e diversidade do acervo bibliográfico nas áreas profissionais dos cursos de educação profissional técnica de nível médio nas Escolas de EPT;Quando o acervo nas áreas profissionais ofertadas pelas escolas é parcialmente adequado aos anos/séries de ensino ofertadas  e atende, em parte, as necessidades dos alunos e professores.
Dimensão Infra-estrutura física e Recursos pedagógicos;Recursos Pedagógicos para o desenvolvimento de práticas pedagógicas que considerem a diversidade das demandas educacionais nas Escolas de EPT.;Suficiência e diversidade do acervo bibliográfico nas áreas profissionais dos cursos de educação profissional técnica de nível médio nas Escolas de EPT;Quando o acervo nas áreas profissionais ofertadas pelas escolas é inadequado para um ou mais anos/séries de ensino; não atende necessidades dos alunos e professores. Ou quando o acervo é somente de livros didáticos. 
Dimensão Infra-estrutura física e Recursos pedagógicos;Recursos Pedagógicos para o desenvolvimento de práticas pedagógicas que considerem a diversidade das demandas educacionais nas Escolas de EPT.;Suficiência e diversidade do acervo bibliográfico nas áreas profissionais dos cursos de educação profissional técnica de nível médio nas Escolas de EPT;Quando não há acervo específico para as áreas profissionais ofertadas. 
Dimensão Infra-estrutura física e Recursos pedagógicos;Recursos Pedagógicos para o desenvolvimento de práticas pedagógicas que considerem a diversidade das demandas educacionais nas Escolas de EPT.;Existência, suficiência e diversidade de materiais pedagógicos (mapas, dicionários específicos, pequenos equipamentos de testes, mini-laboratórios, material pessoal para pequenos experimentos e ensaios dentre outros) nas Escolas de EPT;Quando todas as escolas possuem materiais pedagógicos diversos e atualizados em quantidade adequada para atender alunos e professores.
Dimensão Infra-estrutura física e Recursos pedagógicos;Recursos Pedagógicos para o desenvolvimento de práticas pedagógicas que considerem a diversidade das demandas educacionais nas Escolas de EPT.;Existência, suficiência e diversidade de materiais pedagógicos (mapas, dicionários específicos, pequenos equipamentos de testes, mini-laboratórios, material pessoal para pequenos experimentos e ensaios dentre outros) nas Escolas de EPT;Quando parte (mais de 50%) das escolas da rede possui, materiais pedagógicos diversos, porém a quantidade existente não atende plenamente a necessidade de alunos e professores.
Dimensão Infra-estrutura física e Recursos pedagógicos;Recursos Pedagógicos para o desenvolvimento de práticas pedagógicas que considerem a diversidade das demandas educacionais nas Escolas de EPT.;Existência, suficiência e diversidade de materiais pedagógicos (mapas, dicionários específicos, pequenos equipamentos de testes, mini-laboratórios, material pessoal para pequenos experimentos e ensaios dentre outros) nas Escolas de EPT;Quando parte (menos de 50%) das escolas da rede possui materiais pedagógicos diversos, porém a quantidade existente não atende a necessidade de alunos e professores ou quando parte das escolas da rede possui apenas materiais como mapas e dicionários específicos, em quantidade insuficiente para atender alunos e professores e não dispõem de materiais para pequenos ensaios ou experiências.
Dimensão Infra-estrutura física e Recursos pedagógicos;Recursos Pedagógicos para o desenvolvimento de práticas pedagógicas que considerem a diversidade das demandas educacionais nas Escolas de EPT.;Existência, suficiência e diversidade de materiais pedagógicos (mapas, dicionários específicos, pequenos equipamentos de testes, mini-laboratórios, material pessoal para pequenos experimentos e ensaios dentre outros) nas Escolas de EPT;Quando nenhuma escola da rede possui materiais didáticos diversos.
Dimensão Infra-estrutura física e Recursos pedagógicos;Recursos Pedagógicos para o desenvolvimento de práticas pedagógicas que considerem a diversidade das demandas educacionais nas Escolas de EPT.;Suficiencia de insumos diversos para laboratórios de escolas de EPT;Quando todas as escolas possuem insumos diversos e atualizados em quantidade adequada para atender alunos e professores.
Dimensão Infra-estrutura física e Recursos pedagógicos;Recursos Pedagógicos para o desenvolvimento de práticas pedagógicas que considerem a diversidade das demandas educacionais nas Escolas de EPT.;Suficiencia de insumos diversos para laboratórios de escolas de EPT;Quando parte (mais de 50%) das escolas da rede possui insumos diversos, porém a quantidade existente não atende plenamente a necessidade de alunos e professores.
Dimensão Infra-estrutura física e Recursos pedagógicos;Recursos Pedagógicos para o desenvolvimento de práticas pedagógicas que considerem a diversidade das demandas educacionais nas Escolas de EPT.;Suficiencia de insumos diversos para laboratórios de escolas de EPT;Quando parte (menos de 50%) das escolas da rede possui insumos diversos, porém a quantidade existente não atende a necessidade de alunos e professores.
Dimensão Infra-estrutura física e Recursos pedagógicos;Recursos Pedagógicos para o desenvolvimento de práticas pedagógicas que considerem a diversidade das demandas educacionais nas Escolas de EPT.;Suficiencia de insumos diversos para laboratórios de escolas de EPT;Quando nenhuma escola da rede possui insumos para os laboratórios.
